id,name,category,price,image,rating,quantity,description
1,"PlayStation 5 Console",1,629.99,/img/articles/ps5.jpg,4,1000,"Unleash new gaming possibilities beyond your wildest imagination with the PlayStation 5 console. Get lightning-fast loading times on the PS5 with an ultra-high speed SSD."
2,"Apple MacBook Air 13.3 2019",2,1149.99,/img/articles/macbook.jpg,4,500,"The new thinner and lighter MacBook Air features a brilliant Retina display with True Tone technology Touch ID the latest-generation keyboard and a Force Touch trackpad."
3,"Samsung 24 144Hz 1ms Monitor",3,300,/img/articles/samsung-monitor.jpg,5,524,"Gives your eyes a visual feast while reducing eye strain and fatigue with this Samsung 24-inch LED computer monitor."
4,"LG SK9000 65 4K HDR Dolby Atmos",5,4349.99,/img/articles/lg-tv.jpg,5,200,"Get the full theatrical experience at home with the LG 65 4K UHD HDR OLED smart TV. With stunning Ultra HD visuals in vivid colours and deep blacks."
5,"Animal Crossing New Horizons",1,80,/img/articles/animal-crossing-nintendo-switch.jpg,4.5,550,"Escape to a deserted island in Animal Crossing New Horizons for Nintendo Switch. Use the island's natural resources to craft everything you need including handy tools and the essential comforts of home."
6,"Apple iPhone 12 Pro 128GB",4,999.99,/img/no-image.png,5,1000,"Shoot 4K videos beautiful portraits and sweeping landscapes with the all-new dual-camera system. Capture your best low-light photos with Night mode."
